id,data_inicio,data_fim,hora_inicio,hora_fim,id_subsistema,tipo,tratamento,descricao,referencia
A1,2023-08-15,2023-08-15,8,14,*,evento_documentado,excluir,Apagão nacional: abertura da LT 500 kV Quixadá-Fortaleza II às 08h31; 18.900 MW interrompidos (27% do SIN); Norte desligado por inteiro; recomposição total às 14h49,Boletim Diário ONS 15/08/2023
A2,2020-04-01,2020-04-30,,,N,nao_explicado,sinalizar,Oscilação horária atípica (variação média hora a hora 7% vs 2% habitual) em fins de semana e feriados; nível -8% é COVID; oscilação sem explicação encontrada,docs/07-anomalias.md
A3,2024-11-08,2024-11-08,23,23,N,artefato_provavel,excluir,Queda isolada de 1.5 GW por uma hora; ONS registra dia sem ocorrências,Boletim Diário ONS 08-09/11/2024
A4,2021-12-22,2021-12-22,14,14,NE,artefato_provavel,excluir,Pico isolado de +3.2 GW por uma hora; ONS registra dia sem ocorrências,Boletim Diário ONS 22/12/2021
A6,2024-02-08,2024-02-08,10,10,NE,artefato_provavel,excluir,Pico isolado de 18.157 MWmed (7% acima de qualquer outra hora do NE na série) entre horas de 14.6 e 14.9 GW; é o falso recorde do subsistema,docs/07-anomalias.md
A7,2025-10-14,2025-10-14,0,2,*,evento_documentado,sinalizar,Apagão nacional às 00h32 por incêndio na SE Bateias (PR): SE 4.800 MW; NE 1.900; S 1.600; N 1.600; recomposição em até 2h30. Rastro horário pequeno (madrugada),Agência Brasil 14/10/2025; ONS
A8,2018-11-04,2019-02-16,,,*,convencao_horaria,excluir,Horário de verão 2018/19: carimbos na hora oficial de Brasília (UTC-2) em todos os subsistemas; horas deslocadas +1h. Em 04/11/2018 a hora 0 não existe (vazia). Não afeta médias diárias; afeta curvas horárias,docs/07-anomalias.md
A8b,2017-10-15,2018-02-17,,,*,convencao_horaria,excluir,Horário de verão 2017/18: idem. Em 15/10/2017 a hora 0 não existe (vazia),docs/07-anomalias.md
A8c,2017-01-01,2017-02-18,,,*,convencao_horaria,excluir,Horário de verão 2016/17 (fim em 19/02/2017): idem,docs/07-anomalias.md
A9,2018-11-04,2018-11-04,0,0,S,artefato_provavel,excluir,Valor zero na hora inexistente do início do horário de verão (os outros subsistemas trazem vazio),docs/07-anomalias.md
A10,2018-03-21,2018-03-21,15,21,*,evento_documentado,excluir,Apagão de 21/03/2018 às 15h48: abertura indevida de disjuntor na SE Xingu (bipolo Belo Monte); 18.000 MW interrompidos (22.5% do SIN); N e NE desligados por horas; 14 estados,Agência Brasil 04/2018; ONS 06/05/2018
A11,2018-08-25,2018-08-25,,,NE,artefato_provavel,excluir,Dia inteiro com carga de 2.5 a 5.9 GW (um terço do habitual) sem evento conhecido; a base diária do ONS traz o mesmo valor. Provável falha de dado na origem,docs/07-anomalias.md
A12,2018-10-18,2018-10-18,21,21,N,artefato_provavel,excluir,Queda isolada de 1.5 GW por uma hora (5.8 -> 4.3 -> habitual); sem evento conhecido,docs/07-anomalias.md
E1,2022-11-24,2022-11-24,16,17,*,evento_documentado,sinalizar,Copa 2022: Brasil x Sérvia 16h; carga -14 a -15% na hora do jogo (SE),docs/07-anomalias.md
E2,2022-11-28,2022-11-28,13,14,*,evento_documentado,sinalizar,Copa 2022: Brasil x Suíça 13h; carga -16 a -24% conforme subsistema,docs/07-anomalias.md
E3,2022-12-02,2022-12-02,16,17,*,evento_documentado,sinalizar,Copa 2022: Brasil x Camarões 16h; carga -9 a -10% (SE),docs/07-anomalias.md
E4,2022-12-05,2022-12-05,16,17,*,evento_documentado,sinalizar,Copa 2022: Brasil x Coreia 16h; carga -9 a -11% (SE),docs/07-anomalias.md
E5,2022-12-09,2022-12-09,12,14,*,evento_documentado,sinalizar,Copa 2022: Brasil x Croácia 12h; carga -13 a -16% (SE),docs/07-anomalias.md
E6,2026-06-13,2026-06-13,19,20,*,evento_documentado,sinalizar,Copa 2026: Brasil x Marrocos 19h (sábado),olympics.com; soccerway
E7,2026-06-19,2026-06-19,21,22,*,evento_documentado,sinalizar,Copa 2026: Brasil x Haiti 22h; carga -10 a -12% às 21-22h (SE),olympics.com; soccerway
E8,2026-06-24,2026-06-24,19,20,*,evento_documentado,sinalizar,Copa 2026: Brasil x Escócia 19h; carga -13 a -15% (SE),olympics.com; soccerway
E9,2026-06-29,2026-06-29,14,16,*,evento_documentado,sinalizar,Copa 2026: 32 avos 14h (segunda-feira); carga -19 a -22% (SE),olympics.com; soccerway
E10,2026-07-05,2026-07-05,17,19,*,evento_documentado,sinalizar,Copa 2026: oitavas 17h (domingo); carga -15 a -18% (SE),olympics.com; soccerway
E11,2018-05-21,2018-06-01,,,*,evento_documentado,sinalizar,Greve dos caminhoneiros: carga do SIN -7% a -22% vs duas semanas antes (31/05: SIN -22%; S -29%; SE -23%); recuperação em 02-03/06,Wikipédia: Greve dos caminhoneiros no Brasil em 2018
E12,2018-06-17,2018-06-17,15,16,*,evento_documentado,sinalizar,Copa 2018: Brasil x Suíça 15h (domingo); SE -10 a -12%,calendário público
E13,2018-06-22,2018-06-22,9,10,*,evento_documentado,sinalizar,Copa 2018: Brasil x Costa Rica 9h; SE -15 a -16%,calendário público
E14,2018-06-27,2018-06-27,15,16,*,evento_documentado,sinalizar,Copa 2018: Brasil x Sérvia 15h; SE -17 a -19%,calendário público
E15,2018-07-02,2018-07-02,15,16,*,evento_documentado,sinalizar,Copa 2018: Brasil x México 15h; SE -3% (sinal fraco),calendário público
E16,2018-07-06,2018-07-06,15,16,*,evento_documentado,sinalizar,Copa 2018: Brasil x Bélgica 15h; SE -20 a -21%,calendário público
E17,2020-06-30,2020-07-01,,,S,evento_documentado,sinalizar,Ciclone-bomba no Sul (30/06): 1.9 milhão de consumidores sem energia em SC/RS/PR; S -8% e -12% vs semana anterior,Wikipédia: Ciclone-bomba e derecho no Sul do Brasil em 2020
E18,2023-11-03,2023-11-06,,,SE,evento_documentado,sinalizar,Temporal em São Paulo (03/11): até 3.7 milhões sem energia por até 6 dias (Enel); SE -5% a -10% vs semana anterior,CNN Brasil; ANEEL
E19,2021-02-15,2021-02-16,,,NE,evento_documentado,sinalizar,Carnaval 2021 sem ponto facultativo (COVID): NE -2% vs dia útil (em 2019: -15/-18%); SE manteve -13%. A dim_datas marca como Feriado,docs/07-anomalias.md
E20,2022-02-28,2022-03-01,,,*,evento_documentado,sinalizar,Carnaval 2022 parcialmente cancelado: SE -2/-4% e S +1/-6% vs dia útil (em 2019 e 2023: -12% e -18/-24%); NE -6%. A dim_datas marca como Feriado,docs/07-anomalias.md
C1,2023-11-13,2023-11-17,,,SE,clima_documentado,sinalizar,Onda de calor: SE +20 a +24% vs semana anterior em 13-14/11; 61.217 MWmed às 14h de 14/11 (recorde do SE até fev/2025),Imprensa/ONS nov 2023
C2,2025-02-21,2025-02-26,,,*,clima_documentado,sinalizar,Onda de calor: sequência de recordes de demanda instantânea do SIN; 106.532 MW às 14h27 de 26/02 (horária 106.149 MWmed),MME/ONS fev 2025
C3,2020-03-12,2020-03-15,,,S,clima_hipotese,sinalizar,Sul +17 a +23% vs mesmo tipo de dia; imediatamente antes do isolamento social,docs/07-anomalias.md
C4,2022-01-16,2022-01-23,,,S,clima_hipotese,sinalizar,Sul +16 a +22% vs mesmo tipo de dia (verão),docs/07-anomalias.md
C5,2023-12-14,2023-12-18,,,S,clima_hipotese,sinalizar,Sul +16 a +24% vs mesmo tipo de dia,docs/07-anomalias.md
C6,2024-11-09,2024-11-09,,,S,clima_hipotese,sinalizar,Sábado com perfil de domingo de inverno (-20%; carga diurna de 7.6 GW contra 13-14 GW no sábado anterior); ONS sem ocorrências; provável frente fria,docs/07-anomalias.md
C7,2026-05-03,2026-05-10,,,S,clima_hipotese,sinalizar,Dois domingos -20% de dia e rampa noturna acentuada; provável frio,docs/07-anomalias.md
C8,2020-09-28,2020-10-03,,,SE,clima_documentado,sinalizar,Onda de calor histórica em SP/MS (17/09-05/10; recorde de setembro em SP): SE +10% a +18% vs semana anterior,INMET; CNN Brasil
